{"cameraMode":{"drawMode":0,"name":"Shaded","section":"Shading Mode"},"sceneLighting":true,"audioPlay":false,"sceneViewState":{"showFog":true,"showMaterialUpdate":false,"showSkybox":true,"showFlares":true,"showImageEffects":true,"showParticleSystems":true},"in2DMode":false,"pivot":{"x":6.011815547943115,"y":-0.24420547485351563,"z":-2.1693387031555177},"rotation":{"x":-0.197840616106987,"y":0.4899280071258545,"z":-0.1152307316660881,"w":-0.8411653637886047},"size":1462.0125732421875,"orthographic":false}